LAI,VZA(deg),PHI(deg),SZA(deg),R670,R865,NDVI,SR,NDVI_calc,SR_calc
0.5,10.0,180.0,35.0,0.0312,0.1856,0.7121,5.9469,0.7121771217712176,5.948717948717949
1.0,10.0,180.0,35.0,0.0275,0.2043,0.7628,7.4302,0.7627264883520276,7.42909090909091
2.0,10.0,180.0,35.0,0.0232,0.1984,0.7905,8.5454,0.7906137184115524,8.551724137931036
3.0,10.0,180.0,35.0,0.0214,0.1963,0.8038,9.1921,0.8033991731740928,9.172897196261683
4.0,10.0,180.0,35.0,0.0206,0.1946,0.8088,9.4606,0.8085501858736058,9.446601941747572
5.0,10.0,180.0,35.0,0.0203,0.1943,0.8107,9.5678,0.8108108108108107,9.571428571428573
6.0,10.0,180.0,35.0,0.0203,0.1944,0.8108,9.5691,0.8108989287377735,9.576354679802956
7.0,10.0,180.0,35.0,0.0205,0.1952,0.8099,9.5214,0.8099211868335652,9.521951219512195
8.0,10.0,180.0,35.0,0.0208,0.1962,0.8085,9.4453,0.8082949308755759,9.432692307692308
